Unit,2017_01,2017_01,2017_01,2017_01,2017_02,2017_02,2017_02,2017_02,2017_03,2017_03,2017_03,2017_03,2017_04,2017_04,2017_04,2017_04,2017_05,2017_05,2017_05,2017_05,2017_06,2017_06,2017_06,2017_06,2017_07,2017_07,2017_07,2017_07,2017_08,2017_08,2017_08,2017_08,2017_09,2017_09,2017_09,2017_09,2017_10,2017_10,2017_10,2017_10,2017_11,2017_11,2017_11,2017_11,2017_12,2017_12,2017_12,2017_12,Revenue
01,17.2175819104753,4047,490,287,17.3469246717346,4053,483,288,16.0448688449149,4067,478,279,17.0844066237351,4030,476,318,17.3429096759366,3993,473,358,17.4635380722337,4019,477,328,16.0851015286334,4053,441,330,16.7841468875952,4171,358,295,16.890404831134,4144,353,327,16.7584830339321,4184,315,325,17.2798490901021,4166,318,340,17.6219702023571,4155,327,342,519480000
02,17.9965986394558,4079,2493,331,17.3668102471095,4085,2492,326,16.7245129134572,4096,2489,318,18.0657298277425,4085,2491,327,17.2810516772439,4081,2491,331,17.3157777281857,4138,2422,343,17.616807846634,4137,2417,349,17.5746024831191,4246,2312,345,17.7657467874447,4282,2156,465,17.5616950560864,4348,2089,466,16.7778932059007,4317,2090,496,17.2033160621762,4383,2078,442,565560000
03,23.2406181015453,9843,4471,576,21.3397927858787,9840,4466,584,20.4207655502392,9825,4440,625,21.4324608330149,9846,4422,1,21.9941788338582,9916,4411,563,22.0219190968956,10023,4260,607,22.2822344322344,10264,3970,656,20.3464991023339,10453,3750,687,21.4738952322845,10781,3417,692,20.0694124669566,10926,3163,801,21.0444161358811,10952,3115,823,20.1654664068457,10946,3087,857,1435410000
04,11.8184931506849,1503,433,249,12.7927314026122,1603,424,158,12.4286526435475,1652,426,107,12.3839541547278,1650,440,95,12.3753581661891,1658,440,87,11.929465301479,1660,427,98,12.5507657402155,1672,422,91,11.9095022624434,1678,417,90,10.8135764944276,1732,211,242,9.9637506041566,1707,116,362,11.4144449830344,1739,122,324,11.9136341581756,1775,124,286,218870000
05,16.0347222222222,1222,930,74,15.8826687116564,1231,922,73,14.6096625766871,1234,922,70,16.160153256705,1229,921,76,15.7808429118774,1236,921,69,17.1492087415222,1266,899,61,17.0230312035661,1285,880,61,13.9551325628824,1356,755,115,15.0032195750161,1430,673,123,14.2330972311655,1457,673,96,15.2150676110753,1465,673,88,14.2311654861558,1454,673,99,185190000
06,15.4828930272845,2113,644,196,15.3709677419355,2167,597,189,13.721986417657,2113,597,243,14.9279966116053,2117,592,244,14.4706131078224,2123,588,242,15.6864125932063,2180,539,234,13.8927250308261,2167,520,266,14.2602630530092,2247,444,262,14.2942330325618,2251,404,298,13.6739293764087,2338,291,324,14.3237167478456,2349,284,320,13.4448584202683,2373,269,311,294300000
07,19.2355350742448,3623,972,283,18.9569892473118,3604,972,302,16.9203789042499,3607,972,299,19.2956989247312,3641,972,265,17.8259088581669,3612,972,294,19.2532002048131,3625,972,281,18.8462705436157,3680,923,275,18.0333670374115,3686,922,270,18.4176964903609,3769,832,277,17.98347509113,3828,763,287,18.0102065613609,3843,763,272,18.0087484811665,3829,763,286,478480000
08,16.8061428001596,2311,400,196,14.8404467491025,2300,400,207,14.3171120861588,2282,400,225,16.844930417495,2316,392,199,16.227923627685,2317,393,197,16,2328,386,193,16.2530499803227,2349,366,192,14.7008613938919,2336,353,218,16.7090340242472,2371,350,186,16.7606570199452,2364,350,193,16.2720187061574,2358,341,208,16.6787925696594,2371,323,213,291670000
09,15.5391705069124,2529,767,292,16.1485288904644,2580,767,241,13.1393123006026,2579,767,242,15.8521800779865,2609,767,212,14.9446219382322,2608,771,209,15.0513000702741,2640,742,206,15.6856943961016,2671,715,202,15.2671730515192,2749,560,279,15.8028909329829,2756,544,288,15.9747209455023,2790,542,256,15.4330708661417,2801,540,247,15.9794252122796,2828,526,234,354600000
10,18.4097421203438,4236,1409,301,17.4662698412698,4268,1410,268,16.5235797323975,4303,1387,256,18.734313295305,4320,1388,238,17.6009625902428,4340,1375,231,17.9597924773022,4403,1320,223,18.1270846527338,4514,1209,223,17.314926302678,4564,1129,253,17.9441248972884,4595,1078,273,17.1509170653908,4718,930,298,18.7935020928842,4674,929,343,17.7884006334125,4747,894,305,592350000
11,15.8835556420991,8530,1091,1741,16.9928967597548,8549,1085,1728,14.2416642364149,8516,1075,1771,16.8148832684825,8472,1082,1808,16.0584516631006,8480,1080,1802,16.3159172574536,8563,1065,1734,16.2919495635306,8601,1052,1709,15.3383595850941,8634,950,1778,16.0760528567354,8698,843,1821,15.6763098379193,8722,750,1890,16.0714892011695,8665,759,1938,15.1780860702152,8614,766,1982,1033510000
12,19.107818864308,11263,1007,1258,18.326892366656,11265,1004,1259,17.2535953978907,11238,1012,1278,18.8719808688721,11263,983,1282,18.5861601085482,11288,999,1241,19.1130976135366,11283,999,1246,18.9430667410892,11372,987,1169,18.0187106918239,11431,808,1289,19.107421875,11511,728,1289,19.0218309859155,11494,748,1286,19.4866979655712,11596,748,1184,18.7976525821596,11568,748,1212,1406420000
13,14.8317186463172,6537,1370,998,14.3170249241725,6497,1322,1086,13.6183792372881,6448,1353,1104,15.6389219183512,6432,1336,1137,15.1337394067797,6447,1353,1105,15.733350847235,6495,1292,1118,15.3516455040166,6578,1187,1140,15.1454660748256,6693,1020,1192,16.0682822163322,6750,982,1173,15.8203479576399,6784,973,1148,15.7764217413186,6682,957,1266,15.1127715685043,6624,942,1339,817470000
14,14.6891412349184,1090,138,319,14.2365056818182,1081,139,327,12.9372325249643,1045,145,357,14.5411007862759,1055,148,344,13.8,1066,147,334,13.9816513761468,1059,130,358,13.1647807637907,1060,133,354,12.1903750884643,1021,134,392,12.9787234042553,1045,137,365,12.5493257629525,1048,138,361,13.737517831669,1044,145,358,13.765211166786,1019,150,378,119130000
15,10.2596153846154,1500,55,164,10.2536144578313,1495,59,165,10.1880650994575,1493,60,166,10.3429951690821,1493,63,163,10.7848484848485,1487,69,163,10.8998178506375,1492,72,155,11.0279295689132,1481,72,166,10.9156041287189,1484,72,163,10.922890103218,1478,72,169,10.859659781288,1470,73,176,10.7530487804878,1462,79,178,10.7422303473492,1464,78,177,165090000
16,10.1526845637584,583,18,13,10.3506711409396,583,18,13,10.2445561139028,580,17,17,10.0936454849498,580,16,18,9.91304347826087,580,16,18,10.1722408026756,585,16,13,10.294701986755,593,10,11,9.95681063122924,573,12,29,10.328903654485,584,12,18,10.1291390728477,577,10,27,10.2392026578073,577,12,25,10.2902155887231,593,11,10,70530000
17,19.8911489829577,8602,2539,493,21.2187739883759,8616,2515,503,18.2076442886869,8571,2503,560,21.2971790946862,8658,2488,488,19.8555191256831,8637,2484,513,20.8527813993916,8742,2430,462,20.2798660617844,8763,2376,495,20.555068902895,8841,2273,520,20.574158133643,8924,2161,549,20.2707763517778,8974,2128,532,20.2840075455879,8984,2092,558,21.3643597529055,9024,2083,527,1093850000
18,19.0770757525637,5696,1445,350,18.5013991769547,5682,1416,393,16.9629690585912,5675,1415,401,18.6239302172482,5694,1415,382,17.7742307059404,5682,1414,395,18.8195562859491,5727,1406,358,19.2481104173513,5705,1405,381,18.6419850959252,5882,1184,425,19.0450284309205,6073,984,434,18.4709104367135,6315,736,440,19.0547823511993,6291,737,463,17.8672278836213,6312,720,459,782120000
19,16.0211228460256,1678,2311,121,15.9338521400778,1665,2311,134,13.8532518065592,1661,2311,138,15.9155086158977,1669,2311,130,15.4813785436354,1673,2311,126,16.5214007782101,1699,2311,100,19.2067815453029,1701,2311,98,15.3075302790943,1782,2211,117,14.7644135188867,1819,2098,193,15.2530674846626,1801,2154,155,15.079754601227,1791,2154,165,14.8650306748466,1797,2154,159,235170000
20,19.8842239185751,3702,1048,228,17.995178888607,3691,1037,250,16.9619385942654,3687,1037,254,18.3276821862348,3711,1026,241,18.4297646165528,3710,1027,241,18.4426188068756,3722,1022,234,18.1433523149294,3782,939,257,17.8252072159922,3797,876,305,17.8306709265176,3939,596,443,16.771657041315,4084,476,418,18.0693859454666,4187,467,324,17.3248014121801,4199,446,333,520240000
21,16.5433198380567,1119,256,116,15.7546709991877,1128,260,103,15.8915171288744,1106,265,120,16.71044045677,1115,265,111,17.5693311582382,1114,265,112,18.6356209150327,1127,267,97,17.0049019607843,1131,267,93,16.442429022082,1156,223,112,16.9921135646688,1159,223,109,18.8473635522664,998,410,83,18.9306839186691,995,409,87,17.6213235294118,993,403,95,127440000
22,18.9630589760207,1460,1485,83,17.8329015544041,1463,1484,81,17.7204648160103,1461,1479,88,17.5667522464698,1473,1470,85,18.6608974358974,1462,1468,98,18.1539936102236,1468,1463,97,18.4,1569,1358,101,16.0272350503256,1575,1339,114,15.8860276585598,1963,931,134,13.7286562731997,2383,334,311,14.4138569840682,2323,329,376,13.6054094108929,2347,329,352,250000000
23,15.9226679555341,3574,360,564,16.4292965917331,3576,361,561,14.2439083232811,3558,353,587,16.2236398651902,3591,344,563,15.2909658817876,3586,336,576,16.4040816326531,3615,333,550,14.8847165749821,3609,317,572,14.8391491395794,3610,314,574,16.2352380952381,3631,298,569,15.0743821292776,3628,290,580,15.9486935866983,3644,288,566,16.0227758007117,3630,283,585,444290000
24,15.2979737783075,828,353,11,14.7008343265793,826,353,13,13.6460071513707,824,353,15,16.358401880141,839,341,12,13.2497082847141,844,335,13,15.561260210035,848,335,9,15.9824970828471,846,335,11,14.1283547257876,848,335,9,14.4539089848308,843,335,14,13.7517401392111,852,330,10,13.6287703016241,850,330,12,12.5533642691415,849,330,13,103040000
25,16.5908818236353,1564,861,103,13.7607655502392,1532,856,140,13.7688172043011,1509,854,165,16.2377538829152,1523,854,151,15.2037037037037,1541,854,133,17.1072066706373,1568,849,111,14.798749289369,1594,769,165,13.2156013001083,1634,682,212,12.9062348960851,1886,459,183,12.2223296278395,1751,459,318,13.4496870486278,1805,451,272,12.7501203659124,1785,451,292,236740000
26,11.6994991652755,1134,446,64,11.3201646090535,1162,429,53,10.0769860769861,1154,423,67,11.2776412776413,1174,423,47,11.0204582651391,1169,422,53,11.1450443190975,1173,403,68,11.5285261489699,1198,382,64,10.3419607843137,1191,369,84,9.45509790681972,1240,163,241,10.6610904584882,1397,30,217,11.0099132589839,1446,30,168,11.3562152133581,1470,27,147,183020000
01,15.5713476783692,8581,766,2015,16.6856064181218,8656,767,1939,13.6734000377572,8551,768,2043,15.7817512738253,8560,764,2038,15.8345283018868,8503,762,2097,16.7533767828469,8510,775,2077,15.2600566572238,8544,772,2046,15.7317825112108,8638,658,2066,15.7095724907063,8695,602,2065,14.9717199814557,8683,577,2102,16.2180639184808,8725,567,2070,15.7704933234421,8705,578,2079,1038820000
02,18.4037558685446,11568,748,1212,18.4468701095462,11541,748,1239,16.9747490589711,11537,776,1215,18.7365742915297,11665,754,1109,18.892213692621,11687,762,1079,19.542848190506,11703,762,1063,18.9265014373398,11810,657,1061,18.8433846868468,11865,611,1052,19.7146268196873,11884,545,1099,18.1811077913123,11902,475,1151,19.1008120116439,11731,474,1323,18.1119865371376,11749,455,1324,1424860000
03,15.3442787316706,6728,926,1251,15.1556278953299,6663,918,1324,14.4951286535099,6733,899,1273,15.9147847785402,6746,890,1269,15.8572141787319,6802,893,1210,16.1956684092606,6834,871,1200,15.1783392616215,6867,752,1286,14.9330085261876,6851,695,1359,15.4921269379845,6893,649,1363,15.2838849963759,6860,627,1418,16.5561987457791,6933,613,1359,15.5362859549886,6837,596,1472,830870000
04,12.8853046594982,1014,152,381,13.6261682242991,1018,156,373,11.8964773544213,987,156,404,12.4082073434125,970,158,419,13.2473040977714,987,156,404,13.9315561959654,977,159,411,11.2240634005764,962,159,426,12.2225433526012,973,163,411,12.476397966594,989,170,388,13.7092352092352,1017,161,369,15.8784846318799,1020,148,379,14.5688793718772,999,146,402,117860000
05,11.0555216595485,1464,80,175,10.7237804878049,1453,79,187,11.0201342281879,1458,80,181,10.960951799878,1463,80,176,11.1653447223917,1470,80,169,11.3113735239279,1442,110,167,10.9465506525792,1449,110,160,10.6065879428216,1432,110,177,9.61347743165925,1229,146,344,10.8040786598689,1229,346,144,10.9213401310998,1206,346,167,10.7785870356883,1214,346,159,37500000
06,10.5704809286899,588,11,15,10.424543946932,585,11,18,10.424543946932,586,11,17,10.6882255389718,591,11,12,10.6158940397351,589,10,15,10.6788079470199,591,10,13,10.5331125827815,590,10,14,10.5215231788079,590,10,14,10.5198675496689,590,10,14,10.53,586,14,14,10.4466666666667,586,14,14,10.4655462184874,581,19,14,39640000
07,19.9816773112763,8985,2083,566,20.8517898262508,8990,2080,564,17.5716228942137,9019,2077,538,21.2113029827316,9035,2079,520,20.7530076367821,9032,2075,527,21.1724570950188,9036,2078,520,20.2818134445023,9061,2039,534,20.950628736343,9144,1932,558,20.1597506132461,9194,1850,590,20.4815003567424,9274,1823,537,21.7824050504022,9310,1813,511,20.2529507529508,9305,1806,523,1143440000
08,18.5747194329592,6335,719,437,18.2558105325096,6357,693,441,16.4157949020186,6330,704,457,18.3949381989406,6354,695,442,18.6944648362942,6393,680,418,17.9009219961949,6411,658,422,18.069794214995,6483,542,466,17.4663271080928,6569,423,499,18.0037531276063,6701,297,493,17.6860787576262,6724,279,488,18.8816995279089,6780,289,422,17.6826603982301,6775,259,457,824110000
09,15.8862959285005,1867,2096,147,14.5200992555831,1835,2095,180,13.1126550868486,1833,2095,182,16.848635235732,1879,2095,136,14.9196029776675,1892,2095,123,17.4129895884978,1903,2093,114,16.5270203272186,1920,2093,97,15.5463093559003,2019,1983,108,14.6372180451128,2011,1982,117,11.5060790273556,2032,1478,600,11.391563867887,2047,1597,466,12.0911261440509,2279,1597,234,291270000
10,18.1997794928335,4207,443,328,16.9740374037404,4205,433,340,15.3954715322049,4206,429,343,17.2621763931549,4242,420,316,16.7869175235178,4256,407,315,17.2132722113076,4287,397,294,17.3505132124918,4279,399,300,16.4977890082123,4364,229,385,16.8066845471426,4461,131,386,16.7580445544554,4494,130,354,18.0039126853377,4512,122,344,16.9235839340886,4511,123,344,546920000
11,16.2304280328232,4137,315,372,17.2524961171511,4240,317,267,16.0353962600178,4240,332,252,17.4661654135338,4260,302,262,16.7764290443611,4292,293,239,17.3470198675497,4292,294,238,17.0651214128035,4290,294,240,17.0130293159609,4378,219,227,16.9430107526882,4438,174,212,16.6804167552626,4461,121,242,17.5751967666454,4455,123,246,17.0581841432225,4465,132,227,527080000
12,17.1037327283976,4387,2054,462,16.7256034660615,4399,2056,448,16.0130138401157,4441,2062,400,17.2290249433107,4481,2052,370,16.5383347073372,4474,2051,378,17.305081300813,4531,1983,389,17.6500298270034,4657,1874,372,15.4607732732733,4850,1575,478,17.1021585411239,4941,1529,433,16.5858912224017,5082,1332,489,17.4048214285714,5120,1303,480,16.2367063844923,5193,1280,430,668580000
13,20.4203192297948,11011,3049,830,20.0722049035302,11077,3021,792,18.7607707842477,11046,3006,838,20.4237003443353,11147,2983,760,20.0513379750021,11096,2969,825,20.063051290428,11377,2646,867,19.7256544502618,11625,2475,790,18.517771652401,12923,1104,863,19.1356409885822,13003,1052,835,19.2743451740222,13126,955,809,20.0339371375385,13085,923,882,18.8659138017297,13025,899,966,1580550000
14,13.8258127122756,1805,124,256,11.5661657779932,1815,122,248,12.6336477987421,1748,277,160,14.1105870020964,1757,277,151,12.4960753532182,1753,274,158,14.5023547880691,1770,274,141,14.419689119171,1811,255,119,13.3331655762456,1844,198,143,12.9547938400397,1869,172,144,13.2933333333333,1892,160,133,14.758024691358,1918,160,107,13.6992555831266,1905,170,110,226350000
15,16.1564102564103,1471,666,89,14.6814102564103,1478,666,82,13.2547649301144,1495,652,79,15.7558655675333,1498,649,79,15.70703868104,1500,649,77,16.5497780596068,1503,649,74,16.1466498103666,1506,644,76,15.2593037214886,1575,560,91,14.9468768242849,1612,513,101,15.3998832457677,1621,513,92,16.7011091652072,1628,513,85,15.5165409170052,1632,503,91,211240000
16,14.9810549777117,2416,261,276,14.1768202080238,2395,261,297,13.1706948640483,2376,305,272,15.0891238670695,2389,305,259,14.8984580669425,2409,294,250,14.6912425149701,2409,281,263,14.9262724550898,2408,281,264,14.6795058139535,2516,201,236,15.0069090909091,2498,203,252,15.6370938298649,2521,214,218,16.7606402328119,2546,204,203,15.4043557168784,2547,198,208,305610000
17,17.9854191980559,3819,763,296,18.5905224787363,3844,763,271,17.6140947752126,3849,763,266,19.8106925880923,3835,763,280,19.5235792019347,3854,743,281,19.9591293833132,3864,743,271,19.1902804642166,3838,742,298,18.5964467005076,3997,544,337,18.0680089485459,4120,408,350,18.2853095030514,4253,290,335,19.4378814298169,4275,290,313,18.2707301313806,4300,235,343,529280000
18,17.0670003850597,2396,310,201,16.6316397228637,2388,309,210,14.4572419106317,2364,311,232,18.2819722650231,2400,311,196,16.7937668333975,2389,308,210,15.3837298541827,2413,301,193,15.4426543920215,2397,300,210,16.0587355031799,2443,234,230,16.7989536621824,2483,231,193,17.0096798212956,2495,221,191,18.078869047619,2504,219,184,17.163272861903,2495,206,206,307390000
19,15.920365535248,2840,524,224,15.6508817766166,2856,526,206,14.7012609117362,2844,495,249,17.3985788113695,2901,492,195,14.8986769925783,2876,489,223,16.5754352030948,2917,486,185,15.9937185929648,3011,404,173,15.112037037037,3005,348,235,16.2013402375876,3060,305,223,16.9159049360146,3033,306,249,17.7044485070079,3051,306,231,16.1464231354642,3066,303,219,382010000
20,17.8582428430405,4757,881,308,18.1696587098047,4762,877,307,16.3248482475034,4800,839,307,17.9652615144418,4812,822,312,17.335605765485,4837,812,297,18.0961240310078,4848,786,312,17.847480620155,4849,786,311,17.0238538948938,5020,580,346,17.7417230656667,5108,479,359,17.7042047531993,5134,476,336,17.9309528147204,5142,457,347,17.557877521352,5166,443,337,638820000
21,16.7460901563937,990,404,97,16.6344505066251,1150,208,133,14.3640588690937,1166,200,125,17.2525174283501,1169,200,122,16.7863777089783,1174,199,118,19.9084315503173,1002,388,101,18.4149226569609,1006,392,93,18.9072790294627,1052,337,102,18.191637630662,1037,343,111,18.6114982578397,1016,343,132,19.7927272727273,999,391,101,18.2872727272727,983,391,117,137340000
22,14.274879763226,2321,325,382,12.8592071137458,1963,329,736,11.8929233049278,1965,329,734,13.0344572063727,1997,329,702,13.4905520563172,2019,329,680,13.7779422649889,2056,326,646,13.3967431532198,2085,326,617,13.569880823402,2086,259,683,14.7428998505232,2138,352,538,14.7058823529412,2143,308,577,15.9347745061498,2167,345,516,16.4661269706008,2060,681,287,259010000
23,15.9879261363636,3683,274,541,15.5887210948561,3684,260,554,13.7923948984412,3637,264,597,15.4985849056604,3653,258,587,15.3380514272234,3659,259,580,15.9305064782097,3659,253,586,14.2724917569477,3642,252,604,15.6821885913853,3702,203,593,14.6050925925926,3755,178,565,15.953337953338,3803,169,526,15.5111880046136,3794,163,541,15.6603773584906,3758,152,588,451890000
24,14.6508120649652,846,330,16,14.5278422273782,840,330,22,13.2354988399072,845,330,17,16.0986078886311,848,330,14,14.4686774941995,842,330,20,16.0197215777262,851,330,11,16.4199535962877,849,330,13,17.6614699331849,883,294,15,9.01670378619154,876,294,22,11.1504237288136,919,248,25,11.2425847457627,849,248,95,9.83792372881356,856,248,88,108060000
25,13.6831969186326,1799,451,278,14.8661531054405,1829,451,248,13.6731963688485,1848,435,245,15.0075223319229,1874,401,253,15.0737435415688,1880,399,249,15.5430711610487,1890,392,246,15.3333333333333,1915,398,215,15.8278084714549,1939,356,233,14.6325932132384,2110,141,277,14.9200333194502,2106,127,295,16.3862785862786,2202,123,203,15.4565488565489,2282,123,123,259030000
26,11.9196042053185,1483,27,134,12.1440940012369,1492,27,125,10.2665429808287,1485,27,132,11.4663341645885,1496,40,108,11.725,1501,44,99,11.809375,1502,44,98,12.9175,1510,44,90,11.5212831585441,1536,23,85,12.4194941394201,1542,23,79,13.7735965453424,1582,23,39,15.4959901295497,1586,23,35,14.0222222222222,1587,24,33,185360000
01,16.1731962582199,8761,565,2036,16.104393541119,8746,710,1906,15.224147781375,8637,860,1865,15.217507390102,8577,875,1910,15.3731514168495,8541,881,1940,17.0576555937381,8588,886,1888,14.9336447707122,8587,873,1902,15.3099005210801,8665,807,1890,15.8386488016607,8719,764,1879,15.6563706563707,8699,743,1920,16.2962858486131,8707,727,1928,15.6149144254279,8655,728,1979,783579543
02,18.7853807883659,11791,463,1274,18.8591441475924,11844,465,1219,17.8623076923077,11815,528,1185,18.8690705004997,11750,521,1257,18.8635035373731,11767,524,1237,20.7305177321332,11803,529,1196,18.0592718035563,11857,537,1134,18.2595332519829,11936,416,1176,19.5267448948491,12017,404,1107,19.1948585336173,11988,380,1160,19.7542978852883,11997,382,1149,19.1232220278391,11921,381,1226,986683788
03,16.0086642599278,6917,595,1393,16.0185743577373,6875,614,1416,15.32407631007,6863,623,1419,15.3470325154116,6804,632,1469,15.0473601546454,6828,628,1449,16.9079296215956,6906,607,1392,13.5614417029511,6793,637,1475,15.3705389221557,6885,555,1465,16.2499101473583,7020,558,1327,15.5271420011983,7034,560,1311,16.5895933014354,7111,545,1249,15.0413134328358,7051,530,1324,566825292
04,14.7795163584637,1010,141,396,13.9800853485064,990,141,416,12.3554131054131,969,143,435,14.0805991440799,963,145,439,13.431931575196,942,144,461,13.6150537634409,962,152,433,12.0848310567937,965,156,426,13.1760916249105,982,150,415,13.9800995024876,999,140,408,13.5082201572552,1004,148,395,15.0409777138749,996,156,395,14.2598992080634,1004,158,385,85353871
05,15.7126811594203,2542,193,218,14.9818709209572,2521,195,237,13.9590579710145,2499,193,261,15.398764085787,2519,202,232,15.1150217706821,2509,197,247,16.3186256781194,2534,188,231,15.6183924692252,2527,191,235,15.2902767920511,2554,135,264,15.8617511520737,2562,132,259,15.9004252303331,2586,131,236,16.8481415929204,2602,128,223,17.0744530698659,2606,119,228,241831188
06,18.20025701435,4341,209,328,18.1716305978144,4315,211,352,16.7349914236707,4332,214,332,17.7606086583798,4345,212,321,17.8824283882001,4356,200,322,20.7513363267052,4386,201,291,16.5938500960922,4364,195,319,17.0793946932007,4456,54,368,17.975468975469,4482,27,369,17.2776174773289,4495,26,357,19.2219245827323,4531,25,322,18.9734458624949,4525,20,333,401695824
07,17.7151291512915,2510,197,200,17.8723325974982,2501,189,217,16.2013225569434,2490,185,232,17.7747615553925,2518,181,208,17.1714808043876,2512,172,223,18.0861943024105,2536,169,202,17.0686632578524,2548,169,190,16.7140313390313,2567,99,241,18.0951366702165,2602,90,215,17.6153846153846,2631,86,190,19.1046306115235,2654,78,175,19.8760098349139,2670,60,177,260466005
08,16.7119829683698,3082,300,206,16.4751515151515,3086,288,214,16.5280558083106,3088,291,209,15.1740448756822,3072,290,226,16.2177199879044,3113,281,194,17.8433444008452,3132,275,181,16.0006031363088,3130,272,186,16.6746397694525,3243,118,227,17.8537708693149,3279,114,195,16.6566059225513,3300,76,212,18.996867881549,3336,76,176,16.5890722822994,3340,74,174,247267753
09,17.6768897708822,5181,403,362,17.9495661605206,5207,414,325,16.3306277056277,5196,402,348,17.656407487401,5192,390,364,17.2717469446441,5226,382,338,18.8090974212034,5258,362,326,15.9279828018631,5289,364,293,16.772987012987,5425,171,350,17.3883712905452,5439,150,357,17.0701392470346,5466,129,351,18.2035671411422,5498,115,333,17.1770047978067,5505,110,331,464379402
10,16.4072727272727,983,391,117,14.9508825786646,1178,188,125,14.2737556561086,1226,165,100,16.2466063348416,1223,165,103,16.3484162895928,1234,165,92,18.1862745098039,1238,165,88,18.7541557305337,1080,348,63,19.9188284518828,1100,296,95,19.2207896857373,1142,250,99,20.0440565253533,1143,288,60,20.9878577623591,1100,338,53,20.235039028621,1087,338,66,122813172
11,17.7656582871751,2065,681,282,16.4785744590581,2091,671,266,16.2105708245243,2136,663,229,15.1894736842105,2117,653,258,16.3898947368421,2095,653,280,18.2616547669047,2137,647,244,15.2386744966443,2160,644,224,16.3214140593255,2206,567,255,17.9327663021466,2197,559,272,16.4210314262691,2224,546,258,17.4681451612903,2242,548,238,17.2024048096192,2231,533,264,198423588
12,15.5378247873074,3794,149,555,14.5045977011494,3767,148,583,13.48891966759,3734,166,598,14.2193205454125,3700,171,627,13.7713625866051,3705,168,625,16.5437947769817,3736,171,591,13.1837725381415,3732,172,594,14.8921591170384,3770,149,579,15.3669493467797,3789,135,574,15.7754402012349,3812,125,561,15.9481853458115,3840,117,541,15.5754049737623,3810,115,573,376457309
13,12.4703389830508,906,248,38,13.7168610816543,909,249,34,14.3817603393425,909,249,34,14.0445387062566,913,249,30,12.9119830328738,914,249,29,18.9904559915164,929,249,14,12.5297239915074,919,250,23,14.2041884816754,923,237,32,13.661780104712,917,237,38,9.45227858985383,898,29,265,8.34823731728289,852,29,311,8.96124031007752,817,160,215,108064012
14,15.234608985025,2171,124,233,15.0287141073658,2104,125,299,13.8008350730689,2094,133,301,15.4688935281837,2103,133,292,15.5919132972072,2126,129,273,16.8463140358184,2134,127,267,14.9929577464789,2155,114,259,15.2080397845006,2154,115,259,16.0638383838384,2233,53,242,14.909898989899,2236,53,239,15.1886868686869,2215,53,260,13.2871567043619,2178,52,298,212299511
15,13.1622455274522,1574,23,47,13.4139420111043,1485,23,136,11.5487654320988,1506,24,114,12.9882133995037,1552,32,60,13.0217256362508,1563,33,48,13.861833952912,1559,30,55,13.3145510835913,1549,29,66,12.9288806431664,1566,27,51,14.8886138613861,1564,28,52,14.6442248301421,1571,25,48,16.4832920792079,1571,28,45,17.5392809587217,1476,142,26,141566554
16,11.150036416606,1203,346,170,10.6508379888268,233,1361,125,9.73219373219373,232,1368,119,10.3313953488372,219,1375,125,10.7376093294461,225,1376,118,11.1387283236994,233,1373,113,11.3631123919308,237,1372,110,10.3153409090909,242,1367,110,9.69859154929578,237,1364,118,9.94135802469136,227,1395,97,10.2782874617737,233,1392,94,10.2256097560976,229,1391,99,72289902
17,10.7327731092437,592,19,3,10.8137931034483,574,34,6,11.3615160349854,343,271,0,11.3647058823529,339,274,1,11.2198142414861,322,291,1,11.0761904761905,315,299,0,11.0645161290323,310,304,0,11.1016393442623,305,309,0,11.2655737704918,305,309,0,11.4848484848485,297,317,0,13.206106870229,131,483,0,13.4885496183206,131,483,0,20053128
18,20.9013224821974,9333,1804,497,20.7160154660155,9327,1806,501,19.4758220502901,9265,1811,558,20.6991447770312,9272,1812,550,21.7032855253789,9329,1803,502,23.1299624327343,9380,1785,469,18.2666125596023,9328,1777,529,21.2135700823331,9520,1553,561,21.1245163210636,9525,1555,554,20.6681152574398,9928,1049,657,22.0170003777862,10036,1046,552,23.0211565585331,10101,999,534,995849398
19,18.5999447055571,6793,257,441,17.6085335542668,6797,249,445,16.7170879955795,6765,252,474,18.3026079757141,6803,244,444,17.7183622828784,6809,237,445,19.1899064906491,6845,219,427,17.0356604032369,6853,200,438,18.2597296190086,6905,168,418,18.9101706484642,6926,166,399,18.7168732125834,6961,148,382,19.5339779381724,6990,148,353,18.898097826087,6964,131,396,647856568
20,13.1705179282869,2275,1600,235,12.2437275985663,2276,1599,235,12.8468606431853,2322,1498,290,11.9333588663347,2183,1499,428,13.9911911145155,2378,1499,233,17.3677347242921,2487,1426,197,12.5305514157973,2463,1426,221,14.3605961468557,2535,1359,216,14.4973544973545,2456,1464,190,10.8491943605237,2487,138,1485,10.8382056451613,2499,142,1469,11.4212509419744,2766,129,1215,324007438
21,17.4363299732565,4524,117,337,17.3587739148323,4519,117,342,15.6555555555556,4522,118,338,17.2970358172087,4528,120,330,17.9393128985805,4542,117,319,18.4202838922033,4548,117,313,16.1864859314028,4560,109,309,17.5523339502365,4564,115,299,18.4503487894953,4570,104,304,18.0116971065052,4591,105,282,18.9938750510412,4603,80,295,17.9547300040601,4621,52,305,442442495
22,16.9914639351259,4443,138,243,17.5780012839718,4453,151,220,16.336192109777,4397,160,267,16.2664516129032,4384,174,266,16.8213362068966,4381,184,259,18.9087575496117,4399,188,237,15.6089397538329,4371,193,260,17.2294232015554,4372,195,257,18.4614554091989,4379,193,252,17.3420484010372,4388,196,240,18.0304733088394,4359,197,268,18.0453661697991,4382,195,247,404490815
23,16.1866760414836,5234,1214,455,16.1484800562291,5207,1212,484,16.3779264214047,5227,1222,454,16.2331925378388,5233,1221,449,16.6116778051354,5249,1217,437,18.9783793285287,5277,1214,412,16.3410811762634,5297,1224,382,16.8481160386796,5546,905,452,17.7244766505636,5768,693,442,16.5689961504294,6229,149,525,17.5446732849311,6281,154,468,17.6036784336992,6310,161,432,517159020
24,19.8424819294353,13104,917,869,19.7194651029748,13106,906,878,17.5288296041308,13043,946,901,19.0426359380627,12980,1005,905,18.9295936713412,13012,985,893,20.5881208102069,13037,1017,836,18.1765510292212,13081,996,813,19.215257118572,13258,772,860,19.9746307681436,13289,739,862,19.3272328999435,13314,738,838,20.6874823993241,13451,686,753,19.9631317025303,13380,623,887,1227837386
25,14.2080838323353,1899,181,105,15.0254237288136,1901,179,105,12.7441396508728,1884,180,121,14.3645,1890,185,110,13.72,1878,185,122,15.571072319202,1896,180,109,13.0718204488778,1871,180,134,13.4885685884692,1875,173,137,13.9139303482587,1874,175,136,13.9049751243781,1882,175,128,16.3592039800995,1892,175,118,16.3547263681592,1893,175,117,173399613
26,16.4505494505495,1653,497,76,15.2353961827646,1638,497,91,14.635049161365,1635,497,94,15.6071634893125,1642,495,89,15.4488734835355,1662,495,69,16.3210374639769,1647,491,88,15.2207492795389,1658,491,77,14.9203015616586,1688,369,169,16.1288244766506,1770,363,93,13.6359068067611,1949,37,240,16.3183265120509,2079,27,120,15.5898135516144,2103,27,96,192779763
